{"textures":{"3":"modelengine:entity/ship_rusty","particle":"#3"},"elements":[{"from":[3.5100002,6.263465,8.182509],"to":[12.49,11.243464,22.162508],"faces":{"east":{"uv":[0.0,8.0,2.5454545,9.111112],"tintindex":0,"rotation":0,"texture":"#3"},"south":{"uv":[6.727273,8.0,8.363637,9.111112],"tintindex":0,"rotation":0,"texture":"#3"},"north":{"uv":[2.5454545,8.0,4.1818185,9.111112],"tintindex":0,"rotation":0,"texture":"#3"},"west":{"uv":[4.1818185,8.0,6.727273,9.111112],"tintindex":0,"rotation":0,"texture":"#3"},"up":{"uv":[4.1818185,8.0,2.5454545,4.888889],"tintindex":0,"rotation":0,"texture":"#3"},"down":{"uv":[5.818182,4.888889,4.1818185,8.0],"tintindex":0,"rotation":0,"texture":"#3"}}}],"display":{"head":{"rotation":[-72.5,0.0,0.0]},"firstperson_righthand":{"rotation":[-72.5,0.0,0.0]},"thirdperson_lefthand":{"rotation":[-72.5,-0.0,-0.0]},"firstperson_lefthand":{"rotation":[-72.5,-0.0,-0.0]},"fixed":{"rotation":[-72.5,0.0,0.0]},"ground":{"rotation":[-72.5,0.0,0.0]},"thirdperson_righthand":{"rotation":[-72.5,0.0,0.0]},"gui":{"rotation":[-72.568535,-12.276587,-136.35707]}}}