{"textures":{"3":"modelengine:entity/ship_rusty","particle":"#3"},"elements":[{"from":[1.9899998,7.99,-1.0100002],"to":[14.01,12.51,16.51],"faces":{"east":{"uv":[0.0,3.8888888,3.1818182,4.888889],"tintindex":0,"rotation":0,"texture":"#3"},"south":{"uv":[8.545455,3.8888888,10.727273,4.888889],"tintindex":0,"rotation":0,"texture":"#3"},"north":{"uv":[3.1818182,3.8888888,5.3636365,4.888889],"tintindex":0,"rotation":0,"texture":"#3"},"west":{"uv":[5.3636365,3.8888888,8.545455,4.888889],"tintindex":0,"rotation":0,"texture":"#3"},"up":{"uv":[5.3636365,3.8888888,3.1818182,0.0],"tintindex":0,"rotation":0,"texture":"#3"},"down":{"uv":[7.545455,0.0,5.3636365,3.8888888],"tintindex":0,"rotation":0,"texture":"#3"}}},{"from":[4.99,12.49,3.4899998],"to":[11.01,13.51,11.51],"faces":{"east":{"uv":[2.3636365,15.777778,3.818182,16.0],"tintindex":0,"rotation":0,"texture":"#3"},"south":{"uv":[6.3636365,15.777778,7.4545455,16.0],"tintindex":0,"rotation":0,"texture":"#3"},"north":{"uv":[3.818182,15.777778,4.909091,16.0],"tintindex":0,"rotation":0,"texture":"#3"},"west":{"uv":[4.909091,15.777778,6.3636365,16.0],"tintindex":0,"rotation":0,"texture":"#3"},"up":{"uv":[4.909091,15.777778,3.818182,14.0],"tintindex":0,"rotation":0,"texture":"#3"},"down":{"uv":[6.0,14.0,4.909091,15.777778],"tintindex":0,"rotation":0,"texture":"#3"}}},{"from":[4.5,8.0,-5.0],"to":[11.5,14.0,1.0],"faces":{"east":{"uv":[6.545455,13.555555,7.636364,14.888889],"tintindex":0,"rotation":0,"texture":"#3"},"south":{"uv":[10.0,13.555555,11.272728,14.888889],"tintindex":0,"rotation":0,"texture":"#3"},"north":{"uv":[7.636364,13.555555,8.909091,14.888889],"tintindex":0,"rotation":0,"texture":"#3"},"west":{"uv":[8.909091,13.555555,10.0,14.888889],"tintindex":0,"rotation":0,"texture":"#3"},"up":{"uv":[8.909091,13.555555,7.636364,12.222222],"tintindex":0,"rotation":0,"texture":"#3"},"down":{"uv":[10.181818,12.222222,8.909091,13.555555],"tintindex":0,"rotation":0,"texture":"#3"}}},{"from":[4.99,13.49,10.49],"to":[11.01,20.01,11.51],"faces":{"east":{"uv":[0.0,6.0,0.18181819,7.4444447],"tintindex":0,"rotation":0,"texture":"#3"},"south":{"uv":[1.4545455,6.0,2.5454545,7.4444447],"tintindex":0,"rotation":0,"texture":"#3"},"north":{"uv":[0.18181819,6.0,1.2727273,7.4444447],"tintindex":0,"rotation":0,"texture":"#3"},"west":{"uv":[1.2727273,6.0,1.4545455,7.4444447],"tintindex":0,"rotation":0,"texture":"#3"},"up":{"uv":[1.2727273,6.0,0.18181819,5.7777777],"tintindex":0,"rotation":0,"texture":"#3"},"down":{"uv":[2.3636365,5.7777777,1.2727273,6.0],"tintindex":0,"rotation":0,"texture":"#3"}}},{"from":[-3.5,8.0,6.5],"to":[2.0,13.5,19.0],"faces":{"east":{"uv":[0.0,12.0,2.2727273,13.222222],"tintindex":0,"rotation":0,"texture":"#3"},"south":{"uv":[5.5454545,12.0,6.545455,13.222222],"tintindex":0,"rotation":0,"texture":"#3"},"north":{"uv":[2.2727273,12.0,3.2727275,13.222222],"tintindex":0,"rotation":0,"texture":"#3"},"west":{"uv":[3.2727275,12.0,5.5454545,13.222222],"tintindex":0,"rotation":0,"texture":"#3"},"up":{"uv":[3.2727275,12.0,2.2727273,9.222222],"tintindex":0,"rotation":0,"texture":"#3"},"down":{"uv":[4.2727275,9.222222,3.2727275,12.0],"tintindex":0,"rotation":0,"texture":"#3"}}},{"from":[-11.0,8.0,11.0],"to":[-3.5,9.5,17.5],"faces":{"east":{"uv":[10.727273,1.4444444,11.909091,1.7777778],"tintindex":0,"rotation":0,"texture":"#3"},"south":{"uv":[14.454546,1.4444444,15.818182,1.7777778],"tintindex":0,"rotation":0,"texture":"#3"},"north":{"uv":[11.909091,1.4444444,13.272728,1.7777778],"tintindex":0,"rotation":0,"texture":"#3"},"west":{"uv":[13.272728,1.4444444,14.454546,1.7777778],"tintindex":0,"rotation":0,"texture":"#3"},"up":{"uv":[13.272728,1.4444444,11.909091,0.0],"tintindex":0,"rotation":0,"texture":"#3"},"down":{"uv":[14.636364,0.0,13.272728,1.4444444],"tintindex":0,"rotation":0,"texture":"#3"}}},{"from":[1.9899998,12.49,11.49],"to":[14.01,21.01,16.51],"faces":{"east":{"uv":[6.545455,10.333333,7.4545455,12.222222],"tintindex":0,"rotation":0,"texture":"#3"},"south":{"uv":[10.545455,10.333333,12.727273,12.222222],"tintindex":0,"rotation":0,"texture":"#3"},"north":{"uv":[7.4545455,10.333333,9.636364,12.222222],"tintindex":0,"rotation":0,"texture":"#3"},"west":{"uv":[9.636364,10.333333,10.545455,12.222222],"tintindex":0,"rotation":0,"texture":"#3"},"up":{"uv":[9.636364,10.333333,7.4545455,9.222222],"tintindex":0,"rotation":0,"texture":"#3"},"down":{"uv":[11.818182,9.222222,9.636364,10.333333],"tintindex":0,"rotation":0,"texture":"#3"}}},{"from":[2.9899998,8.99,16.49],"to":[13.01,18.51,21.01],"faces":{"east":{"uv":[8.363637,5.888889,9.181818,8.0],"tintindex":0,"rotation":0,"texture":"#3"},"south":{"uv":[11.818182,5.888889,13.636364,8.0],"tintindex":0,"rotation":0,"texture":"#3"},"north":{"uv":[9.181818,5.888889,11.0,8.0],"tintindex":0,"rotation":0,"texture":"#3"},"west":{"uv":[11.0,5.888889,11.818182,8.0],"tintindex":0,"rotation":0,"texture":"#3"},"up":{"uv":[11.0,5.888889,9.181818,4.888889],"tintindex":0,"rotation":0,"texture":"#3"},"down":{"uv":[12.818182,4.888889,11.0,5.888889],"tintindex":0,"rotation":0,"texture":"#3"}}}],"display":{"head":{"rotation":[0.0,0.0,0.0]},"firstperson_righthand":{"rotation":[0.0,0.0,0.0]},"thirdperson_lefthand":{"rotation":[0.0,-0.0,-0.0]},"firstperson_lefthand":{"rotation":[0.0,-0.0,-0.0]},"fixed":{"rotation":[0.0,0.0,0.0]},"ground":{"rotation":[0.0,0.0,0.0]},"thirdperson_righthand":{"rotation":[0.0,0.0,0.0]},"gui":{"rotation":[-150.0,-45.0,180.0]}}}