{"textures":{"0":"modelengine:entity/ship","particle":"#0"},"elements":[{"from":[1.9899998,7.38234,-1.1834602],"to":[14.01,11.90234,16.33654],"faces":{"east":{"uv":[0.0,3.8888888,3.1818182,4.888889],"tintindex":0,"rotation":0,"texture":"#0"},"south":{"uv":[8.545455,3.8888888,10.727273,4.888889],"tintindex":0,"rotation":0,"texture":"#0"},"north":{"uv":[3.1818182,3.8888888,5.3636365,4.888889],"tintindex":0,"rotation":0,"texture":"#0"},"west":{"uv":[5.3636365,3.8888888,8.545455,4.888889],"tintindex":0,"rotation":0,"texture":"#0"},"up":{"uv":[5.3636365,3.8888888,3.1818182,0.0],"tintindex":0,"rotation":0,"texture":"#0"},"down":{"uv":[7.545455,0.0,5.3636365,3.8888888],"tintindex":0,"rotation":0,"texture":"#0"}}},{"from":[4.99,11.8823395,3.3165398],"to":[11.01,12.90234,11.33654],"faces":{"east":{"uv":[2.3636365,15.777778,3.818182,16.0],"tintindex":0,"rotation":0,"texture":"#0"},"south":{"uv":[6.3636365,15.777778,7.4545455,16.0],"tintindex":0,"rotation":0,"texture":"#0"},"north":{"uv":[3.818182,15.777778,4.909091,16.0],"tintindex":0,"rotation":0,"texture":"#0"},"west":{"uv":[4.909091,15.777778,6.3636365,16.0],"tintindex":0,"rotation":0,"texture":"#0"},"up":{"uv":[4.909091,15.777778,3.818182,14.0],"tintindex":0,"rotation":0,"texture":"#0"},"down":{"uv":[6.0,14.0,4.909091,15.777778],"tintindex":0,"rotation":0,"texture":"#0"}}},{"from":[1.9899998,11.8823395,11.31654],"to":[14.01,20.40234,16.33654],"faces":{"east":{"uv":[6.545455,10.333333,7.4545455,12.222222],"tintindex":0,"rotation":0,"texture":"#0"},"south":{"uv":[10.545455,10.333333,12.727273,12.222222],"tintindex":0,"rotation":0,"texture":"#0"},"north":{"uv":[7.4545455,10.333333,9.636364,12.222222],"tintindex":0,"rotation":0,"texture":"#0"},"west":{"uv":[9.636364,10.333333,10.545455,12.222222],"tintindex":0,"rotation":0,"texture":"#0"},"up":{"uv":[9.636364,10.333333,7.4545455,9.222222],"tintindex":0,"rotation":0,"texture":"#0"},"down":{"uv":[11.818182,9.222222,9.636364,10.333333],"tintindex":0,"rotation":0,"texture":"#0"}}},{"from":[4.5,7.3923397,-5.17346],"to":[11.5,13.39234,0.82654],"faces":{"east":{"uv":[6.545455,13.555555,7.636364,14.888889],"tintindex":0,"rotation":0,"texture":"#0"},"south":{"uv":[10.0,13.555555,11.272728,14.888889],"tintindex":0,"rotation":0,"texture":"#0"},"north":{"uv":[7.636364,13.555555,8.909091,14.888889],"tintindex":0,"rotation":0,"texture":"#0"},"west":{"uv":[8.909091,13.555555,10.0,14.888889],"tintindex":0,"rotation":0,"texture":"#0"},"up":{"uv":[8.909091,13.555555,7.636364,12.222222],"tintindex":0,"rotation":0,"texture":"#0"},"down":{"uv":[10.181818,12.222222,8.909091,13.555555],"tintindex":0,"rotation":0,"texture":"#0"}}},{"from":[2.9899998,8.3823395,16.31654],"to":[13.01,17.90234,20.83654],"faces":{"east":{"uv":[8.363637,5.888889,9.181818,8.0],"tintindex":0,"rotation":0,"texture":"#0"},"south":{"uv":[11.818182,5.888889,13.636364,8.0],"tintindex":0,"rotation":0,"texture":"#0"},"north":{"uv":[9.181818,5.888889,11.0,8.0],"tintindex":0,"rotation":0,"texture":"#0"},"west":{"uv":[11.0,5.888889,11.818182,8.0],"tintindex":0,"rotation":0,"texture":"#0"},"up":{"uv":[11.0,5.888889,9.181818,4.888889],"tintindex":0,"rotation":0,"texture":"#0"},"down":{"uv":[12.818182,4.888889,11.0,5.888889],"tintindex":0,"rotation":0,"texture":"#0"}}},{"from":[4.99,12.8823395,10.31654],"to":[11.01,19.40234,11.33654],"faces":{"east":{"uv":[0.0,6.0,0.18181819,7.4444447],"tintindex":0,"rotation":0,"texture":"#0"},"south":{"uv":[1.4545455,6.0,2.5454545,7.4444447],"tintindex":0,"rotation":0,"texture":"#0"},"north":{"uv":[0.18181819,6.0,1.2727273,7.4444447],"tintindex":0,"rotation":0,"texture":"#0"},"west":{"uv":[1.2727273,6.0,1.4545455,7.4444447],"tintindex":0,"rotation":0,"texture":"#0"},"up":{"uv":[1.2727273,6.0,0.18181819,5.7777777],"tintindex":0,"rotation":0,"texture":"#0"},"down":{"uv":[2.3636365,5.7777777,1.2727273,6.0],"tintindex":0,"rotation":0,"texture":"#0"}}}],"display":{"head":{"rotation":[0.0,0.0,0.0]},"firstperson_righthand":{"rotation":[0.0,0.0,0.0]},"thirdperson_lefthand":{"rotation":[0.0,-0.0,-0.0]},"firstperson_lefthand":{"rotation":[0.0,-0.0,-0.0]},"fixed":{"rotation":[0.0,0.0,0.0]},"ground":{"rotation":[0.0,0.0,0.0]},"thirdperson_righthand":{"rotation":[0.0,0.0,0.0]},"gui":{"rotation":[-150.0,-45.0,180.0]}}}