{"textures":{"0":"modelengine:entity/ship","particle":"#0"},"elements":[{"from":[13.5,2.75,5.5],"to":[21.0,4.25,12.0],"faces":{"east":{"uv":[14.454546,1.4444444,13.272728,1.7777778],"tintindex":0,"rotation":0,"texture":"#0"},"south":{"uv":[15.818182,1.4444444,14.454546,1.7777778],"tintindex":0,"rotation":0,"texture":"#0"},"north":{"uv":[13.272728,1.4444444,11.909091,1.7777778],"tintindex":0,"rotation":0,"texture":"#0"},"west":{"uv":[11.909091,1.4444444,10.727273,1.7777778],"tintindex":0,"rotation":0,"texture":"#0"},"up":{"uv":[11.909091,1.4444444,13.272728,0.0],"tintindex":0,"rotation":0,"texture":"#0"},"down":{"uv":[13.272728,0.0,14.636364,1.4444444],"tintindex":0,"rotation":0,"texture":"#0"}}},{"from":[8.0,2.75,1.0],"to":[13.5,8.25,13.5],"faces":{"east":{"uv":[5.5454545,12.0,3.2727275,13.222222],"tintindex":0,"rotation":0,"texture":"#0"},"south":{"uv":[6.545455,12.0,5.5454545,13.222222],"tintindex":0,"rotation":0,"texture":"#0"},"north":{"uv":[3.2727275,12.0,2.2727273,13.222222],"tintindex":0,"rotation":0,"texture":"#0"},"west":{"uv":[2.2727273,12.0,0.0,13.222222],"tintindex":0,"rotation":0,"texture":"#0"},"up":{"uv":[2.2727273,12.0,3.2727275,9.222222],"tintindex":0,"rotation":0,"texture":"#0"},"down":{"uv":[3.2727275,9.222222,4.2727275,12.0],"tintindex":0,"rotation":0,"texture":"#0"}}}],"display":{"head":{"rotation":[0.0,0.0,0.0]},"firstperson_righthand":{"rotation":[0.0,0.0,0.0]},"thirdperson_lefthand":{"rotation":[0.0,-0.0,-0.0]},"firstperson_lefthand":{"rotation":[0.0,-0.0,-0.0]},"fixed":{"rotation":[0.0,0.0,0.0]},"ground":{"rotation":[0.0,0.0,0.0]},"thirdperson_righthand":{"rotation":[0.0,0.0,0.0]},"gui":{"rotation":[-150.0,-45.0,180.0]}}}