{"textures":{"0":"modelengine:entity/ship","particle":"#0"},"elements":[{"from":[3.5100002,7.277948,-6.0521803],"to":[12.49,12.257948,7.9278193],"faces":{"east":{"uv":[0.0,8.0,2.5454545,9.111112],"tintindex":0,"rotation":0,"texture":"#0"},"south":{"uv":[6.727273,8.0,8.363637,9.111112],"tintindex":0,"rotation":0,"texture":"#0"},"north":{"uv":[2.5454545,8.0,4.1818185,9.111112],"tintindex":0,"rotation":0,"texture":"#0"},"west":{"uv":[4.1818185,8.0,6.727273,9.111112],"tintindex":0,"rotation":0,"texture":"#0"},"up":{"uv":[4.1818185,8.0,2.5454545,4.888889],"tintindex":0,"rotation":0,"texture":"#0"},"down":{"uv":[5.818182,4.888889,4.1818185,8.0],"tintindex":0,"rotation":0,"texture":"#0"}}}],"display":{"head":{"rotation":[-30.0,0.0,0.0]},"firstperson_righthand":{"rotation":[-30.0,0.0,0.0]},"thirdperson_lefthand":{"rotation":[-30.0,-0.0,-0.0]},"firstperson_lefthand":{"rotation":[-30.0,-0.0,-0.0]},"fixed":{"rotation":[-30.0,0.0,0.0]},"ground":{"rotation":[-30.0,0.0,0.0]},"thirdperson_righthand":{"rotation":[-30.0,0.0,0.0]},"gui":{"rotation":[-110.76848,-37.761246,-153.43495]}}}