{"textures":{"3":"modelengine:entity/ship_rusty","particle":"#3"},"elements":[{"from":[2.0,10.171152,8.749073],"to":[3.5,16.171152,16.749073],"faces":{"east":{"uv":[10.727273,3.5555556,12.181819,4.888889],"tintindex":0,"rotation":0,"texture":"#3"},"south":{"uv":[13.909091,3.5555556,14.181819,4.888889],"tintindex":0,"rotation":0,"texture":"#3"},"north":{"uv":[12.181819,3.5555556,12.454546,4.888889],"tintindex":0,"rotation":0,"texture":"#3"},"west":{"uv":[12.454546,3.5555556,13.909091,4.888889],"tintindex":0,"rotation":0,"texture":"#3"},"up":{"uv":[12.454546,3.5555556,12.181819,1.7777778],"tintindex":0,"rotation":0,"texture":"#3"},"down":{"uv":[12.727273,1.7777778,12.454546,3.5555556],"tintindex":0,"rotation":0,"texture":"#3"}}},{"from":[2.0,12.671152,2.749073],"to":[3.5,16.171152,8.749073],"faces":{"east":{"uv":[0.0,14.555555,1.0909091,15.333333],"tintindex":0,"rotation":0,"texture":"#3"},"south":{"uv":[2.4545455,14.555555,2.7272727,15.333333],"tintindex":0,"rotation":0,"texture":"#3"},"north":{"uv":[1.0909091,14.555555,1.3636364,15.333333],"tintindex":0,"rotation":0,"texture":"#3"},"west":{"uv":[1.3636364,14.555555,2.4545455,15.333333],"tintindex":0,"rotation":0,"texture":"#3"},"up":{"uv":[1.3636364,14.555555,1.0909091,13.222222],"tintindex":0,"rotation":0,"texture":"#3"},"down":{"uv":[1.6363637,13.222222,1.3636364,14.555555],"tintindex":0,"rotation":0,"texture":"#3"}}},{"from":[12.5,12.671152,2.749073],"to":[14.0,16.171152,8.749073],"faces":{"east":{"uv":[2.4545455,14.555555,1.3636364,15.333333],"tintindex":0,"rotation":0,"texture":"#3"},"south":{"uv":[2.7272727,14.555555,2.4545455,15.333333],"tintindex":0,"rotation":0,"texture":"#3"},"north":{"uv":[1.3636364,14.555555,1.0909091,15.333333],"tintindex":0,"rotation":0,"texture":"#3"},"west":{"uv":[1.0909091,14.555555,0.0,15.333333],"tintindex":0,"rotation":0,"texture":"#3"},"up":{"uv":[1.0909091,14.555555,1.3636364,13.222222],"tintindex":0,"rotation":0,"texture":"#3"},"down":{"uv":[1.3636364,13.222222,1.6363637,14.555555],"tintindex":0,"rotation":0,"texture":"#3"}}},{"from":[12.5,10.171152,8.749073],"to":[14.0,16.171152,16.749073],"faces":{"east":{"uv":[13.909091,3.5555556,12.454546,4.888889],"tintindex":0,"rotation":0,"texture":"#3"},"south":{"uv":[14.181819,3.5555556,13.909091,4.888889],"tintindex":0,"rotation":0,"texture":"#3"},"north":{"uv":[12.454546,3.5555556,12.181819,4.888889],"tintindex":0,"rotation":0,"texture":"#3"},"west":{"uv":[12.181819,3.5555556,10.727273,4.888889],"tintindex":0,"rotation":0,"texture":"#3"},"up":{"uv":[12.181819,3.5555556,12.454546,1.7777778],"tintindex":0,"rotation":0,"texture":"#3"},"down":{"uv":[12.454546,1.7777778,12.727273,3.5555556],"tintindex":0,"rotation":0,"texture":"#3"}}}],"display":{"head":{"rotation":[-30.0,0.0,0.0]},"firstperson_righthand":{"rotation":[-30.0,0.0,0.0]},"thirdperson_lefthand":{"rotation":[-30.0,-0.0,-0.0]},"firstperson_lefthand":{"rotation":[-30.0,-0.0,-0.0]},"fixed":{"rotation":[-30.0,0.0,0.0]},"ground":{"rotation":[-30.0,0.0,0.0]},"thirdperson_righthand":{"rotation":[-30.0,0.0,0.0]},"gui":{"rotation":[-110.76848,-37.761246,-153.43495]}}}