{"textures":{"3":"modelengine:entity/ship_rusty","particle":"#3"},"elements":[{"from":[17.83697,7.961976,4.1918917],"to":[23.33697,13.461976,16.691893],"faces":{"east":{"uv":[5.5454545,12.0,3.2727275,13.222222],"tintindex":0,"rotation":0,"texture":"#3"},"south":{"uv":[6.545455,12.0,5.5454545,13.222222],"tintindex":0,"rotation":0,"texture":"#3"},"north":{"uv":[3.2727275,12.0,2.2727273,13.222222],"tintindex":0,"rotation":0,"texture":"#3"},"west":{"uv":[2.2727273,12.0,0.0,13.222222],"tintindex":0,"rotation":0,"texture":"#3"},"up":{"uv":[2.2727273,12.0,3.2727275,9.222222],"tintindex":0,"rotation":0,"texture":"#3"},"down":{"uv":[3.2727275,9.222222,4.2727275,12.0],"tintindex":0,"rotation":0,"texture":"#3"}}}],"display":{"head":{"rotation":[-1.7748926,-29.498707,-0.9916051]},"firstperson_righthand":{"rotation":[-1.7748926,-29.498707,-0.9916051]},"thirdperson_lefthand":{"rotation":[-1.7748926,29.498707,0.9916051]},"firstperson_lefthand":{"rotation":[-1.7748926,29.498707,0.9916051]},"fixed":{"rotation":[-1.7748926,-29.498707,-0.9916051]},"ground":{"rotation":[-1.7748926,-29.498707,-0.9916051]},"thirdperson_righthand":{"rotation":[-1.7748926,-29.498707,-0.9916051]},"gui":{"rotation":[-148.39706,-15.483737,-179.68939]}}}